timestamp,symbol,open,high,low,close,volume,period_idx,query_idx,percentage
2025-10-25 10:28:24.001268,BTCUSDT,111748.11,111778.0,111734.33,111778.0,5.64193,0,0,0.0
2025-10-25 11:28:45.558154,BTCUSDT,111644.82,111644.83,111633.96,111633.96,1.14559,0,1,0.5988023952095809
2025-10-25 12:29:07.115040,BTCUSDT,111470.86,111470.86,111436.29,111436.29,2.73053,0,2,1.1976047904191618
2025-10-25 13:29:28.671926,BTCUSDT,111225.36,111247.21,111225.35,111247.21,6.23982,0,3,1.7964071856287425
2025-10-25 14:29:50.228812,BTCUSDT,111356.0,111356.01,111356.0,111356.01,0.80547,0,4,2.3952095808383236
2025-10-25 15:30:11.785698,BTCUSDT,111630.6,111690.0,111619.6,111636.67,20.63461,0,5,2.9940119760479043
2025-10-25 16:30:33.342584,BTCUSDT,111630.04,111700.0,111630.04,111695.46,12.32872,0,6,3.592814371257485
2025-10-25 17:30:54.899470,BTCUSDT,111518.81,111518.81,111504.0,111504.0,4.22412,0,7,4.191616766467066
2025-10-25 18:31:16.456356,BTCUSDT,111364.26,111364.27,111364.26,111364.27,0.20757,0,8,4.790419161676647
2025-10-25 19:31:38.013242,BTCUSDT,111560.99,111560.99,111557.25,111557.25,5.10178,0,9,5.389221556886228
2025-10-25 20:31:59.570128,BTCUSDT,111555.01,111555.02,111535.48,111538.59,3.15418,0,10,5.9880239520958085
2025-10-25 21:32:21.127014,BTCUSDT,111813.05,111821.89,111813.03,111813.03,11.28218,0,11,6.58682634730539
2025-10-25 22:32:42.683900,BTCUSDT,111711.01,111711.01,111693.83,111693.84,1.80241,0,12,7.18562874251497
2025-10-25 23:33:04.240786,BTCUSDT,111655.38,111655.38,111622.3,111622.3,2.02041,0,13,7.784431137724551
2025-10-26 00:33:25.797672,BTCUSDT,111478.75,111478.76,111468.26,111468.26,1.28477,0,14,8.383233532934131
2025-10-26 01:33:47.354558,BTCUSDT,111434.36,111460.29,111434.35,111460.29,5.57135,0,15,8.982035928143713
2025-10-26 02:34:08.911444,BTCUSDT,111536.36,111625.55,111536.35,111600.0,19.86568,0,16,9.580838323353294
2025-10-26 03:34:30.468330,BTCUSDT,111623.46,111623.47,111600.0,111600.0,10.12478,0,17,10.179640718562874
2025-10-26 04:34:52.025216,BTCUSDT,111654.39,111698.84,111654.38,111698.83,9.26321,0,18,10.778443113772456
2025-10-26 05:35:13.582102,BTCUSDT,111787.0,111787.01,111756.26,111756.26,4.73265,0,19,11.377245508982035
2025-10-26 06:35:35.138988,BTCUSDT,112515.09,112515.1,112360.88,112382.93,60.70081,0,20,11.976047904191617
2025-10-26 07:35:56.695874,BTCUSDT,112342.49,112366.99,112292.43,112366.99,17.47941,0,21,12.574850299401197
2025-10-26 08:36:18.252760,BTCUSDT,112804.77,112907.41,112804.77,112904.73,4.9604,0,22,13.17365269461078
2025-10-26 09:36:39.809646,BTCUSDT,113682.92,113682.92,113592.27,113611.86,18.08505,0,23,13.77245508982036
2025-10-26 10:37:01.366532,BTCUSDT,113587.99,113614.0,113544.9,113609.45,6.84095,0,24,14.37125748502994
2025-10-26 11:37:22.923418,BTCUSDT,113810.18,113810.18,113782.84,113803.19,6.40553,0,25,14.97005988023952
2025-10-26 12:37:44.480304,BTCUSDT,113494.92,113494.93,113483.25,113483.25,2.05839,0,26,15.568862275449103
2025-10-26 13:38:06.037190,BTCUSDT,113549.99,113557.47,113533.06,113533.06,5.68663,0,27,16.16766467065868
2025-10-26 14:38:27.594076,BTCUSDT,113621.23,113621.24,113592.01,113592.01,3.83412,0,28,16.766467065868262
2025-10-26 15:38:49.150962,BTCUSDT,113725.47,113793.93,113725.47,113762.23,24.88926,0,29,17.365269461077844
2025-10-26 16:39:10.707848,BTCUSDT,113621.23,113634.83,113621.23,113634.83,6.8219,0,30,17.964071856287426
2025-10-26 17:39:32.264734,BTCUSDT,113410.97,113410.98,113410.97,113410.97,0.26933,0,31,18.562874251497004
2025-10-26 18:39:53.821620,BTCUSDT,113338.76,113442.59,113332.93,113412.75,23.18287,0,32,19.16167664670659
2025-10-26 19:40:15.378506,BTCUSDT,114559.41,114574.3,114500.07,114522.05,17.35676,0,33,19.760479041916167
2025-10-26 20:40:36.935392,BTCUSDT,114654.03,114658.72,114604.99,114658.72,6.04243,0,34,20.35928143712575
2025-10-26 21:40:58.492278,BTCUSDT,114845.5,114845.5,114797.66,114809.18,12.44447,0,35,20.958083832335326
2025-10-26 22:41:20.049164,BTCUSDT,115255.02,115255.02,115218.64,115230.76,9.28737,0,36,21.55688622754491
2025-10-26 23:41:41.606050,BTCUSDT,115069.53,115069.53,114989.57,114989.57,41.54052,0,37,22.15568862275449
2025-10-27 00:42:03.162936,BTCUSDT,114949.77,114949.77,114941.84,114941.85,2.33284,0,38,22.75449101796407
2025-10-27 01:42:24.719822,BTCUSDT,115232.71,115232.72,115232.71,115232.71,1.49329,0,39,23.353293413173652
2025-10-27 02:42:46.276708,BTCUSDT,115645.0,115645.0,115601.81,115641.76,24.44254,0,40,23.952095808383234
2025-10-27 03:43:07.833594,BTCUSDT,115696.04,115696.04,115642.7,115689.69,9.245,0,41,24.550898203592812
2025-10-27 04:43:29.390480,BTCUSDT,115600.35,115650.0,115600.35,115650.0,38.5129,0,42,25.149700598802394
2025-10-27 05:43:50.947366,BTCUSDT,115280.04,115300.0,115214.02,115221.53,13.2757,0,43,25.748502994011975
2025-10-27 06:44:12.504252,BTCUSDT,115356.99,115356.99,115271.73,115295.87,9.19635,0,44,26.34730538922156
2025-10-27 07:44:34.061138,BTCUSDT,115400.0,115400.01,115381.82,115381.82,7.6701,0,45,26.94610778443114
2025-10-27 08:44:55.618024,BTCUSDT,115433.6,115454.04,115433.6,115447.25,4.81762,0,46,27.54491017964072
2025-10-27 09:45:17.174910,BTCUSDT,115094.88,115114.71,115080.61,115114.71,5.43447,0,47,28.143712574850298
2025-10-27 10:45:38.731796,BTCUSDT,114825.5,114933.34,114814.0,114863.41,15.55347,0,48,28.74251497005988
2025-10-27 11:46:00.288682,BTCUSDT,114847.66,114928.0,114842.1,114925.31,9.04817,0,49,29.34131736526946
2025-10-27 12:46:21.845568,BTCUSDT,114976.37,114988.47,114953.08,114963.06,5.04659,0,50,29.94011976047904
2025-10-27 13:46:43.402454,BTCUSDT,115414.72,115414.73,115352.36,115370.88,5.65572,0,51,30.538922155688624
2025-10-27 14:47:04.959340,BTCUSDT,115664.57,115664.58,115608.61,115608.62,3.58067,0,52,31.137724550898206
2025-10-27 15:47:26.516226,BTCUSDT,115434.75,115478.78,115434.75,115478.77,2.65549,0,53,31.736526946107784
2025-10-27 16:47:48.073112,BTCUSDT,115004.55,115004.55,114981.75,114981.76,4.51707,0,54,32.33532934131736
2025-10-27 17:48:09.629998,BTCUSDT,114670.18,114758.37,114670.17,114675.89,20.73051,0,55,32.93413173652694
2025-10-27 18:48:31.186884,BTCUSDT,114559.4,114559.4,114480.68,114480.68,3.12724,0,56,33.532934131736525
2025-10-27 19:48:52.743770,BTCUSDT,114258.14,114267.62,114258.13,114267.61,3.58772,0,57,34.13173652694611
2025-10-27 20:49:14.300656,BTCUSDT,114163.62,114163.62,114132.33,114132.33,13.78862,0,58,34.73053892215569
2025-10-27 21:49:35.857542,BTCUSDT,113901.83,113926.58,113898.71,113909.6,5.94018,0,59,35.32934131736527
2025-10-27 22:49:57.414428,BTCUSDT,114500.74,114509.91,114498.27,114501.89,2.97547,0,60,35.92814371257485
2025-10-27 23:50:18.971314,BTCUSDT,113749.78,113919.87,113749.78,113885.98,35.59695,0,61,36.52694610778443
2025-10-28 00:50:40.528200,BTCUSDT,113780.66,113842.95,113780.66,113823.61,4.53738,0,62,37.12574850299401
2025-10-28 01:51:02.085086,BTCUSDT,114017.33,114017.33,114000.0,114000.0,2.56187,0,63,37.72455089820359
2025-10-28 02:51:23.641972,BTCUSDT,113577.62,113606.66,113570.97,113599.98,15.76409,0,64,38.32335329341318
2025-10-28 03:51:45.198858,BTCUSDT,114154.04,114179.49,114128.58,114143.31,10.70199,0,65,38.92215568862276
2025-10-28 04:52:06.755744,BTCUSDT,114220.01,114220.01,114190.51,114200.22,6.1934,0,66,39.52095808383233
2025-10-28 05:52:28.312630,BTCUSDT,114435.48,114438.67,114435.47,114438.67,2.38947,0,67,40.119760479041915
2025-10-28 06:52:49.869516,BTCUSDT,114490.28,114547.1,114490.28,114547.09,3.55193,0,68,40.7185628742515
2025-10-28 07:53:11.426402,BTCUSDT,114564.97,114588.59,114564.96,114588.58,9.69446,0,69,41.31736526946108
2025-10-28 08:53:32.983288,BTCUSDT,114361.68,114361.68,114313.48,114315.49,20.43698,0,70,41.91616766467065
2025-10-28 09:53:54.540174,BTCUSDT,114453.01,114473.33,114440.54,114455.9,10.21934,0,71,42.51497005988024
2025-10-28 10:54:16.097060,BTCUSDT,115324.33,115364.96,115306.65,115327.16,13.96079,0,72,43.11377245508982
2025-10-28 11:54:37.653946,BTCUSDT,115004.01,115086.0,115004.0,115074.25,17.66857,0,73,43.712574850299404
2025-10-28 12:54:59.210832,BTCUSDT,114722.2,114722.2,114607.71,114639.6,14.09239,0,74,44.31137724550898
2025-10-28 13:55:20.767718,BTCUSDT,115359.63,115399.91,115332.78,115348.72,9.41691,0,75,44.91017964071856
2025-10-28 14:55:42.324604,BTCUSDT,115369.06,115395.63,115326.62,115395.63,20.16996,0,76,45.50898203592814
2025-10-28 15:56:03.881490,BTCUSDT,114937.52,114943.59,114935.31,114943.58,1.34897,0,77,46.10778443113773
2025-10-28 16:56:25.438376,BTCUSDT,113650.0,113653.65,113590.0,113653.65,12.0714,0,78,46.706586826347305
2025-10-28 17:56:46.995262,BTCUSDT,112821.43,112863.09,112806.14,112807.3,8.62149,0,79,47.30538922155689
2025-10-28 18:57:08.552148,BTCUSDT,113092.62,113092.63,113000.0,113000.01,10.97747,0,80,47.90419161676647
2025-10-28 19:57:30.109034,BTCUSDT,113207.19,113235.81,113207.18,113207.19,4.19519,0,81,48.50299401197605
2025-10-28 20:57:51.665920,BTCUSDT,112939.42,112939.42,112887.99,112907.37,8.2321,0,82,49.101796407185624
2025-10-28 21:58:13.222806,BTCUSDT,112520.25,112520.25,112442.87,112442.88,23.15737,0,83,49.700598802395206
2025-10-28 22:58:34.779692,BTCUSDT,112529.02,112545.8,112500.02,112500.03,2.91628,0,84,50.29940119760479
2025-10-28 23:58:56.336578,BTCUSDT,112659.99,112666.75,112659.99,112666.75,3.10875,0,85,50.898203592814376
2025-10-29 00:59:17.893464,BTCUSDT,112523.49,112535.3,112511.17,112511.18,2.62886,0,86,51.49700598802395
2025-10-29 01:59:39.450350,BTCUSDT,112810.56,112810.56,112807.34,112807.35,2.60592,0,87,52.09580838323353
2025-10-29 03:00:01.007236,BTCUSDT,113048.31,113060.0,113001.88,113001.89,5.40788,0,88,52.69461077844312
2025-10-29 04:00:22.564122,BTCUSDT,113260.7,113284.79,113241.61,113284.79,5.14349,0,89,53.293413173652695
2025-10-29 05:00:44.121008,BTCUSDT,113545.77,113610.51,113545.76,113592.31,19.76627,0,90,53.89221556886228
2025-10-29 06:01:05.677894,BTCUSDT,113082.59,113086.79,113048.89,113048.89,2.66206,0,91,54.49101796407185
2025-10-29 07:01:27.234780,BTCUSDT,112943.18,113031.8,112943.17,113022.77,15.4056,0,92,55.08982035928144
2025-10-29 08:01:48.791666,BTCUSDT,112815.41,112815.41,112745.88,112760.99,4.29189,0,93,55.688622754491014
2025-10-29 09:02:10.348552,BTCUSDT,113228.3,113228.31,113162.37,113177.07,11.46826,0,94,56.287425149700596
2025-10-29 10:02:31.905438,BTCUSDT,113129.42,113140.0,113117.33,113140.0,5.6193,0,95,56.886227544910184
2025-10-29 11:02:53.462324,BTCUSDT,112679.84,112679.84,112530.3,112576.29,97.58543,0,96,57.48502994011976
2025-10-29 12:03:15.019210,BTCUSDT,112384.36,112409.63,112265.69,112265.69,30.0292,0,97,58.08383233532935
2025-10-29 13:03:36.576096,BTCUSDT,111362.1,111382.31,111350.0,111361.14,21.65931,0,98,58.68263473053892
2025-10-29 14:03:58.132982,BTCUSDT,111329.77,111343.94,111286.19,111328.31,15.1905,0,99,59.2814371257485
2025-10-29 15:04:19.689868,BTCUSDT,111624.41,111624.41,111112.36,111389.0,100.26426,0,100,59.88023952095808
2025-10-29 16:04:41.246754,BTCUSDT,110768.0,111040.0,110768.0,110946.25,31.77331,0,101,60.47904191616767
2025-10-29 17:05:02.803640,BTCUSDT,110460.65,110493.99,110408.89,110408.96,15.35405,0,102,61.07784431137725
2025-10-29 18:05:24.360526,BTCUSDT,111459.33,111499.99,111459.33,111499.0,3.39994,0,103,61.67664670658682
2025-10-29 19:05:45.917412,BTCUSDT,111450.0,111450.01,111242.53,111243.91,67.47414,0,104,62.27544910179641
2025-10-29 20:06:07.474298,BTCUSDT,110877.84,110882.39,110833.93,110835.1,56.91586,0,105,62.874251497005986
2025-10-29 21:06:29.031184,BTCUSDT,109856.24,109875.83,109789.08,109802.45,18.10429,0,106,63.47305389221557
2025-10-29 22:06:50.588070,BTCUSDT,110366.55,110389.57,110329.76,110379.62,4.09351,0,107,64.07185628742515
2025-10-29 23:07:12.144956,BTCUSDT,110416.01,110429.31,110405.41,110429.31,11.18929,0,108,64.67065868263472
2025-10-30 00:07:33.701842,BTCUSDT,110741.46,110759.69,110737.33,110748.33,3.48397,0,109,65.26946107784431
2025-10-30 01:07:55.258728,BTCUSDT,110393.37,110400.0,110300.0,110330.91,49.10409,0,110,65.86826347305389
2025-10-30 02:08:16.815614,BTCUSDT,108792.84,108858.2,108740.13,108740.15,10.75692,0,111,66.46706586826348
2025-10-30 03:08:38.372500,BTCUSDT,110122.06,110177.69,110120.53,110152.25,11.36148,0,112,67.06586826347305
2025-10-30 04:08:59.929386,BTCUSDT,110920.01,110920.01,110859.43,110878.61,6.3128,0,113,67.66467065868264
2025-10-30 05:09:21.486272,BTCUSDT,111136.52,111158.0,110961.13,110962.2,32.33514,0,114,68.26347305389223
2025-10-30 06:09:43.043158,BTCUSDT,110495.0,110514.96,110424.49,110446.0,90.41165,0,115,68.8622754491018
2025-10-30 07:10:04.600044,BTCUSDT,110055.3,110082.11,110050.0,110050.0,4.39224,0,116,69.46107784431138
2025-10-30 08:10:26.156930,BTCUSDT,109957.94,110009.92,109957.94,109999.27,7.12691,0,117,70.05988023952095
2025-10-30 09:10:47.713816,BTCUSDT,109400.01,109459.05,109363.92,109363.92,15.40033,0,118,70.65868263473054
2025-10-30 10:11:09.270702,BTCUSDT,108597.08,108723.55,108586.94,108719.82,20.5827,0,119,71.25748502994011
2025-10-30 11:11:30.827588,BTCUSDT,107973.04,108045.63,107900.0,107900.01,18.81738,0,120,71.8562874251497
2025-10-30 12:11:52.384474,BTCUSDT,108014.17,108014.17,107900.32,107932.01,7.36069,0,121,72.45508982035929
2025-10-30 13:12:13.941360,BTCUSDT,108131.92,108152.78,108020.51,108042.92,25.90244,0,122,73.05389221556887
2025-10-30 14:12:35.498246,BTCUSDT,107632.32,107632.32,107542.84,107577.61,19.21289,0,123,73.65269461077844
2025-10-30 15:12:57.055132,BTCUSDT,107405.73,107405.74,107371.99,107383.11,8.417,0,124,74.25149700598801
2025-10-30 16:13:18.612018,BTCUSDT,106948.36,106948.36,106887.46,106901.29,16.88598,0,125,74.8502994011976
2025-10-30 17:13:40.168904,BTCUSDT,106897.02,106940.92,106806.0,106873.8,21.97518,0,126,75.44910179640718
2025-10-30 18:14:01.725790,BTCUSDT,107550.97,107558.71,107507.8,107507.81,13.3901,0,127,76.04790419161677
2025-10-30 19:14:23.282676,BTCUSDT,107659.73,107679.2,107643.46,107679.2,3.0064,0,128,76.64670658682635
2025-10-30 20:14:44.839562,BTCUSDT,107654.14,107740.41,107654.14,107678.55,7.60719,0,129,77.24550898203593
2025-10-30 21:15:06.396448,BTCUSDT,108489.52,108570.31,108489.51,108518.91,10.70537,0,130,77.84431137724552
2025-10-30 22:15:27.953334,BTCUSDT,109809.35,109933.33,109809.35,109932.04,36.16778,0,131,78.44311377245509
2025-10-30 23:15:49.510220,BTCUSDT,109154.58,109211.44,109098.26,109211.44,14.2589,0,132,79.04191616766467
2025-10-31 00:16:11.067106,BTCUSDT,108987.42,109085.13,108987.42,109085.12,7.41603,0,133,79.64071856287424
2025-10-31 01:16:32.623992,BTCUSDT,109300.01,109300.01,109282.47,109290.25,3.13403,0,134,80.23952095808383
2025-10-31 02:16:54.180878,BTCUSDT,109830.93,109841.92,109827.0,109827.0,4.23259,0,135,80.83832335329342
2025-10-31 03:17:15.737764,BTCUSDT,109658.86,109682.8,109618.63,109632.18,5.57722,0,136,81.437125748503
2025-10-31 04:17:37.294650,BTCUSDT,109674.26,109683.64,109650.06,109676.81,5.52293,0,137,82.03592814371258
2025-10-31 05:17:58.851536,BTCUSDT,109443.47,109452.14,109402.84,109429.6,7.267,0,138,82.63473053892216
2025-10-31 06:18:20.408422,BTCUSDT,110412.75,110418.75,110358.88,110358.89,15.82862,0,139,83.23353293413174
2025-10-31 07:18:41.965308,BTCUSDT,109787.98,109806.32,109768.66,109806.32,2.41249,0,140,83.8323353293413
2025-10-31 08:19:03.522194,BTCUSDT,109644.25,109683.18,109640.35,109640.35,6.02247,0,141,84.4311377245509
2025-10-31 09:19:25.079080,BTCUSDT,110347.81,110380.0,110347.81,110360.3,16.30882,0,142,85.02994011976048
2025-10-31 10:19:46.635966,BTCUSDT,110001.16,110090.0,110001.15,110089.99,16.24873,0,143,85.62874251497006
2025-10-31 11:20:08.192852,BTCUSDT,109903.64,109903.64,109703.21,109726.56,30.62047,0,144,86.22754491017965
2025-10-31 12:20:29.749738,BTCUSDT,110709.19,110739.47,110638.0,110654.2,25.51438,0,145,86.82634730538922
2025-10-31 13:20:51.306624,BTCUSDT,109847.92,109928.87,109847.92,109918.08,9.45762,0,146,87.42514970059881
2025-10-31 14:21:12.863510,BTCUSDT,108904.13,108904.13,108792.24,108819.16,9.67568,0,147,88.02395209580838
2025-10-31 15:21:34.420396,BTCUSDT,109303.66,109308.73,109275.16,109283.39,5.09046,0,148,88.62275449101796
2025-10-31 16:21:55.977282,BTCUSDT,109656.1,109692.0,109655.29,109681.11,4.91878,0,149,89.22155688622755
2025-10-31 17:22:17.534168,BTCUSDT,109648.59,109676.78,109648.58,109676.78,4.30658,0,150,89.82035928143712
2025-10-31 18:22:39.091054,BTCUSDT,109623.08,109685.28,109609.5,109644.93,9.35632,0,151,90.41916167664671
2025-10-31 19:23:00.647940,BTCUSDT,109667.32,109667.33,109588.3,109588.32,11.62703,0,152,91.01796407185628
2025-10-31 20:23:22.204826,BTCUSDT,109586.84,109597.78,109586.84,109597.78,1.00006,0,153,91.61676646706587
2025-10-31 21:23:43.761712,BTCUSDT,109493.84,109493.85,109493.84,109493.84,1.39411,0,154,92.21556886227546
2025-10-31 22:24:05.318598,BTCUSDT,109764.5,109770.43,109752.41,109770.42,3.58329,0,155,92.81437125748504
2025-10-31 23:24:26.875484,BTCUSDT,109661.26,109685.7,109660.6,109685.69,2.20799,0,156,93.41317365269461
2025-11-01 00:24:48.432370,BTCUSDT,110006.71,110097.22,110006.7,110040.86,13.58782,0,157,94.01197604790418
2025-11-01 01:25:09.989256,BTCUSDT,110312.0,110355.96,110311.99,110355.95,8.66104,0,158,94.61077844311377
2025-11-01 02:25:31.546142,BTCUSDT,110092.78,110106.2,110092.78,110106.2,0.60372,0,159,95.20958083832335
2025-11-01 03:25:53.103028,BTCUSDT,110007.19,110017.27,110007.18,110017.27,0.8899,0,160,95.80838323353294
2025-11-01 04:26:14.659914,BTCUSDT,110196.85,110196.85,110167.67,110167.68,3.96705,0,161,96.40718562874252
2025-11-01 05:26:36.216800,BTCUSDT,110173.0,110200.0,110173.0,110200.0,5.73876,0,162,97.0059880239521
2025-11-01 06:26:57.773686,BTCUSDT,110155.27,110162.35,110142.85,110162.35,7.11358,0,163,97.60479041916167
2025-11-01 07:27:19.330572,BTCUSDT,109973.99,110017.27,109973.99,110017.26,11.07969,0,164,98.20359281437125
2025-11-01 08:27:40.887458,BTCUSDT,110084.4,110084.4,110059.23,110060.5,3.83766,0,165,98.80239520958084
2025-11-01 09:28:02.444344,BTCUSDT,110078.9,110078.9,110078.89,110078.89,0.91706,0,166,99.40119760479041
2025-11-01 10:28:24.001230,BTCUSDT,109995.73,110008.15,109995.73,110008.01,1.77174,0,167,100.0
2025-11-01 10:28:24.001268,BTCUSDT,109995.73,110008.15,109995.73,110008.01,1.77174,1,0,0.0
2025-11-01 11:28:45.558154,BTCUSDT,109875.79,109888.83,109875.79,109888.83,2.40016,1,1,0.5988023952095809
2025-11-01 12:29:07.115040,BTCUSDT,110059.99,110131.61,110059.99,110131.61,5.98213,1,2,1.1976047904191618
2025-11-01 13:29:28.671926,BTCUSDT,110208.49,110275.0,110208.49,110275.0,5.6223,1,3,1.7964071856287425
2025-11-01 14:29:50.228812,BTCUSDT,110208.74,110242.84,110208.74,110222.03,25.30081,1,4,2.3952095808383236
2025-11-01 15:30:11.785698,BTCUSDT,110231.98,110256.4,110231.98,110256.4,5.00291,1,5,2.9940119760479043
2025-11-01 16:30:33.342584,BTCUSDT,110273.53,110273.53,110269.53,110269.53,0.36556,1,6,3.592814371257485
2025-11-01 17:30:54.899470,BTCUSDT,110445.73,110452.97,110445.72,110452.97,1.94607,1,7,4.191616766467066
2025-11-01 18:31:16.456356,BTCUSDT,110344.19,110344.2,110330.37,110331.31,2.20885,1,8,4.790419161676647
2025-11-01 19:31:38.013242,BTCUSDT,110005.68,110005.68,110005.67,110005.67,1.5419,1,9,5.389221556886228
2025-11-01 20:31:59.570128,BTCUSDT,110060.01,110060.01,110060.0,110060.0,0.70828,1,10,5.9880239520958085
2025-11-01 21:32:21.127014,BTCUSDT,110017.27,110026.62,110005.16,110005.16,8.95164,1,11,6.58682634730539
2025-11-01 22:32:42.683900,BTCUSDT,110086.84,110086.84,110055.91,110055.91,1.87534,1,12,7.18562874251497
2025-11-01 23:33:04.240786,BTCUSDT,110094.59,110263.91,110094.58,110225.96,32.06281,1,13,7.784431137724551
2025-11-02 00:33:25.797672,BTCUSDT,110014.05,110044.5,110014.04,110044.5,5.06309,1,14,8.383233532934131
2025-11-02 01:33:47.354558,BTCUSDT,110080.0,110100.0,110079.99,110100.0,26.19719,1,15,8.982035928143713
2025-11-02 02:34:08.911444,BTCUSDT,110430.45,110430.45,110392.0,110392.01,3.56617,1,16,9.580838323353294
2025-11-02 03:34:30.468330,BTCUSDT,110376.92,110376.92,110340.88,110340.89,34.58665,1,17,10.179640718562874
2025-11-02 04:34:52.025216,BTCUSDT,110480.0,110490.45,110480.0,110490.44,1.92788,1,18,10.778443113772456
2025-11-02 05:35:13.582102,BTCUSDT,110768.0,110768.0,110746.92,110747.0,16.21446,1,19,11.377245508982035
2025-11-02 06:35:35.138988,BTCUSDT,110774.24,110774.25,110724.25,110750.05,6.8931,1,20,11.976047904191617
2025-11-02 07:35:56.695874,BTCUSDT,110408.55,110419.83,110370.01,110375.03,10.27388,1,21,12.574850299401197
2025-11-02 08:36:18.252760,BTCUSDT,110825.82,110886.0,110825.81,110885.99,7.90441,1,22,13.17365269461078
2025-11-02 09:36:39.809646,BTCUSDT,110806.14,110850.0,110800.0,110800.0,11.43891,1,23,13.77245508982036
2025-11-02 10:37:01.366532,BTCUSDT,110336.65,110352.99,110289.04,110330.54,3.26156,1,24,14.37125748502994
2025-11-02 11:37:22.923418,BTCUSDT,110407.08,110422.58,110380.44,110417.93,6.20851,1,25,14.97005988023952
2025-11-02 12:37:44.480304,BTCUSDT,110468.76,110479.98,110448.4,110448.4,4.47012,1,26,15.568862275449103
2025-11-02 13:38:06.037190,BTCUSDT,110037.15,110068.23,110030.85,110047.5,4.24197,1,27,16.16766467065868
2025-11-02 14:38:27.594076,BTCUSDT,110079.54,110079.54,110055.44,110070.65,2.71364,1,28,16.766467065868262
2025-11-02 15:38:49.150962,BTCUSDT,110263.73,110263.73,110187.09,110187.1,7.96341,1,29,17.365269461077844
2025-11-02 16:39:10.707848,BTCUSDT,110058.0,110058.0,110024.67,110024.68,1.11934,1,30,17.964071856287426
2025-11-02 17:39:32.264734,BTCUSDT,110032.97,110071.75,110032.96,110071.74,4.49374,1,31,18.562874251497004
2025-11-02 18:39:53.821620,BTCUSDT,110055.4,110055.41,110051.28,110051.28,1.38726,1,32,19.16167664670659
2025-11-02 19:40:15.378506,BTCUSDT,109605.98,109646.95,109605.96,109646.94,3.4027,1,33,19.760479041916167
2025-11-02 20:40:36.935392,BTCUSDT,110400.26,110451.0,110400.26,110436.0,7.06043,1,34,20.35928143712575
2025-11-02 21:40:58.492278,BTCUSDT,110314.02,110322.0,110269.96,110289.77,6.64027,1,35,20.958083832335326
2025-11-02 22:41:20.049164,BTCUSDT,109573.07,109573.07,109550.97,109569.41,6.63333,1,36,21.55688622754491
2025-11-02 23:41:41.606050,BTCUSDT,108923.52,108931.85,108869.4,108924.87,19.95091,1,37,22.15568862275449
2025-11-03 00:42:03.162936,BTCUSDT,108316.18,108365.43,108278.77,108305.34,9.46663,1,38,22.75449101796407
2025-11-03 01:42:24.719822,BTCUSDT,107891.23,107891.23,107743.65,107744.99,21.2562,1,39,23.353293413173652
2025-11-03 02:42:46.276708,BTCUSDT,107629.96,107629.96,107522.89,107589.57,22.87097,1,40,23.952095808383234
2025-11-03 03:43:07.833594,BTCUSDT,107373.16,107381.6,107345.71,107364.24,6.62577,1,41,24.550898203592812
2025-11-03 04:43:29.390480,BTCUSDT,107585.66,107585.66,107458.71,107476.04,132.92614,1,42,25.149700598802394
2025-11-03 05:43:50.947366,BTCUSDT,107244.0,107256.0,107233.73,107233.74,4.79976,1,43,25.748502994011975
2025-11-03 06:44:12.504252,BTCUSDT,107341.18,107341.18,107290.88,107303.94,3.28242,1,44,26.34730538922156
2025-11-03 07:44:34.061138,BTCUSDT,107246.08,107267.06,107179.24,107212.25,19.19122,1,45,26.94610778443114
2025-11-03 08:44:55.618024,BTCUSDT,107734.75,107788.3,107734.74,107773.47,11.00842,1,46,27.54491017964072
2025-11-03 09:45:17.174910,BTCUSDT,107854.2,107907.84,107854.2,107907.83,5.42837,1,47,28.143712574850298
2025-11-03 10:45:38.731796,BTCUSDT,107864.81,107967.08,107857.74,107967.08,10.64417,1,48,28.74251497005988
2025-11-03 11:46:00.288682,BTCUSDT,107669.17,107844.72,107648.0,107798.08,17.10906,1,49,29.34131736526946
2025-11-03 12:46:21.845568,BTCUSDT,105955.27,106000.0,105851.4,105879.99,31.09164,1,50,29.94011976047904
2025-11-03 13:46:43.402454,BTCUSDT,106614.26,106623.07,106511.98,106515.39,32.55145,1,51,30.538922155688624
2025-11-03 14:47:04.959340,BTCUSDT,107635.34,107672.72,107588.66,107658.03,18.68569,1,52,31.137724550898206
2025-11-03 15:47:26.516226,BTCUSDT,106925.99,107110.16,106925.98,107098.29,27.74929,1,53,31.736526946107784
2025-11-03 16:47:48.073112,BTCUSDT,107322.72,107335.17,107210.61,107210.62,14.99396,1,54,32.33532934131736
2025-11-03 17:48:09.629998,BTCUSDT,106484.21,106598.1,106468.27,106598.09,30.89476,1,55,32.93413173652694
2025-11-03 18:48:31.186884,BTCUSDT,106935.95,106935.96,106902.25,106907.12,4.16216,1,56,33.532934131736525
2025-11-03 19:48:52.743770,BTCUSDT,106553.27,106633.59,106553.27,106633.58,30.94773,1,57,34.13173652694611
2025-11-03 20:49:14.300656,BTCUSDT,106520.34,106532.78,106493.07,106505.84,7.75191,1,58,34.73053892215569
2025-11-03 21:49:35.857542,BTCUSDT,106649.99,106650.0,106524.76,106524.77,10.19481,1,59,35.32934131736527
2025-11-03 22:49:57.414428,BTCUSDT,106900.13,106910.0,106845.21,106850.89,13.7541,1,60,35.92814371257485
2025-11-03 23:50:18.971314,BTCUSDT,106554.41,106627.08,106522.54,106522.55,23.13663,1,61,36.52694610778443
2025-11-04 00:50:40.528200,BTCUSDT,107096.12,107123.52,107087.34,107095.27,12.42826,1,62,37.12574850299401
2025-11-04 01:51:02.085086,BTCUSDT,106771.67,106797.66,106755.67,106797.66,1.72315,1,63,37.72455089820359
2025-11-04 02:51:23.641972,BTCUSDT,104583.3,104614.92,104511.21,104545.12,45.87791,1,64,38.32335329341318
2025-11-04 03:51:45.198858,BTCUSDT,104654.24,104679.52,104600.0,104679.52,11.5671,1,65,38.92215568862276
2025-11-04 04:52:06.755744,BTCUSDT,104567.72,104567.72,104505.96,104564.67,29.19081,1,66,39.52095808383233
2025-11-04 05:52:28.312630,BTCUSDT,103963.0,104036.02,103936.98,104036.02,24.94701,1,67,40.119760479041915
2025-11-04 06:52:49.869516,BTCUSDT,103767.92,103843.27,103743.37,103748.51,29.25302,1,68,40.7185628742515
2025-11-04 07:53:11.426402,BTCUSDT,103786.48,103809.61,103732.42,103732.43,18.76643,1,69,41.31736526946108
2025-11-04 08:53:32.983288,BTCUSDT,104524.81,104557.65,104524.8,104544.66,4.95602,1,70,41.91616766467065
2025-11-04 09:53:54.540174,BTCUSDT,103981.32,104058.62,103981.32,103989.74,19.80453,1,71,42.51497005988024
2025-11-04 10:54:16.097060,BTCUSDT,104033.55,104033.55,104020.14,104020.14,2.17465,1,72,43.11377245508982
2025-11-04 11:54:37.653946,BTCUSDT,104567.92,104686.35,104470.0,104669.34,50.28483,1,73,43.712574850299404
2025-11-04 12:54:59.210832,BTCUSDT,103572.0,103608.0,103530.2,103556.75,30.42636,1,74,44.31137724550898
2025-11-04 13:55:20.767718,BTCUSDT,102507.53,102548.57,102276.63,102316.6,72.51224,1,75,44.91017964071856
2025-11-04 14:55:42.324604,BTCUSDT,101148.58,101199.97,101088.0,101199.97,21.5268,1,76,45.50898203592814
2025-11-04 15:56:03.881490,BTCUSDT,101079.52,101301.87,101070.61,101298.08,35.21184,1,77,46.10778443113773
2025-11-04 16:56:25.438376,BTCUSDT,100644.33,100655.25,100507.6,100510.72,21.58832,1,78,46.706586826347305
2025-11-04 17:56:46.995262,BTCUSDT,100624.46,100730.99,100599.87,100706.24,39.47708,1,79,47.30538922155689
2025-11-04 18:57:08.552148,BTCUSDT,99979.57,100250.0,99944.64,100249.99,65.51865,1,80,47.90419161676647
2025-11-04 19:57:30.109034,BTCUSDT,101068.7,101140.0,101013.24,101139.99,17.2568,1,81,48.50299401197605
2025-11-04 20:57:51.665920,BTCUSDT,101648.05,101648.05,101555.38,101555.38,11.37854,1,82,49.101796407185624
2025-11-04 21:58:13.222806,BTCUSDT,100633.77,100647.54,100542.35,100564.3,10.34475,1,83,49.700598802395206
2025-11-04 22:58:34.779692,BTCUSDT,100950.6,101015.01,100655.89,100761.62,101.61817,1,84,50.29940119760479
2025-11-04 23:58:56.336578,BTCUSDT,101694.0,101698.14,101576.85,101677.93,21.28146,1,85,50.898203592814376
2025-11-05 00:59:17.893464,BTCUSDT,102130.0,102130.0,102070.35,102130.0,27.47557,1,86,51.49700598802395
2025-11-05 01:59:39.450350,BTCUSDT,101998.3,102001.42,101960.0,102001.42,9.85334,1,87,52.09580838323353
2025-11-05 03:00:01.007236,BTCUSDT,101786.07,101793.75,101756.87,101778.49,14.46831,1,88,52.69461077844312
2025-11-05 04:00:22.564122,BTCUSDT,102075.09,102087.49,102012.25,102026.63,6.42478,1,89,53.293413173652695
2025-11-05 05:00:44.121008,BTCUSDT,101713.98,101863.24,101713.98,101833.13,42.79111,1,90,53.89221556886228
2025-11-05 06:01:05.677894,BTCUSDT,101613.02,101714.77,101613.0,101714.76,5.52591,1,91,54.49101796407185
2025-11-05 07:01:27.234780,BTCUSDT,101839.93,101950.0,101805.78,101886.42,14.03268,1,92,55.08982035928144
2025-11-05 08:01:48.791666,BTCUSDT,101458.23,101479.6,101427.78,101475.0,7.8994,1,93,55.688622754491014
2025-11-05 09:02:10.348552,BTCUSDT,102079.42,102079.43,102015.22,102015.22,11.3397,1,94,56.287425149700596
2025-11-05 10:02:31.905438,BTCUSDT,102753.03,102767.59,102753.02,102760.01,19.45975,1,95,56.886227544910184
2025-11-05 11:02:53.462324,BTCUSDT,102982.35,103001.06,102915.89,102915.9,14.67949,1,96,57.48502994011976
2025-11-05 12:03:15.019210,BTCUSDT,102972.99,102972.99,102839.31,102860.22,17.03793,1,97,58.08383233532935
2025-11-05 13:03:36.576096,BTCUSDT,103555.48,103570.84,103477.55,103539.99,30.31123,1,98,58.68263473053892
2025-11-05 14:03:58.132982,BTCUSDT,103802.57,103802.57,103670.0,103701.26,23.64651,1,99,59.2814371257485
2025-11-05 15:04:19.689868,BTCUSDT,103841.19,103913.18,103784.43,103913.18,14.26004,1,100,59.88023952095808
2025-11-05 16:04:41.246754,BTCUSDT,104224.33,104257.32,104214.36,104214.37,12.20902,1,101,60.47904191616767
2025-11-05 17:05:02.803640,BTCUSDT,104096.18,104214.65,104096.18,104207.73,15.84015,1,102,61.07784431137725
2025-11-05 18:05:24.360526,BTCUSDT,103742.01,103760.7,103682.39,103692.67,4.78537,1,103,61.67664670658682
2025-11-05 19:05:45.917412,BTCUSDT,103400.01,103455.32,103400.0,103440.0,6.3112,1,104,62.27544910179641
2025-11-05 20:06:07.474298,BTCUSDT,103709.04,103753.41,103701.38,103743.55,8.42108,1,105,62.874251497005986
2025-11-05 21:06:29.031184,BTCUSDT,103509.66,103548.86,103458.98,103473.08,16.76606,1,106,63.47305389221557
2025-11-05 22:06:50.588070,BTCUSDT,103400.01,103428.55,103345.06,103345.07,8.81391,1,107,64.07185628742515
2025-11-05 23:07:12.144956,BTCUSDT,103263.83,103340.0,103263.83,103296.77,5.84127,1,108,64.67065868263472
2025-11-06 00:07:33.701842,BTCUSDT,103444.02,103444.02,103358.0,103373.5,11.85463,1,109,65.26946107784431
2025-11-06 01:07:55.258728,BTCUSDT,103607.12,103625.51,103594.33,103625.51,6.0306,1,110,65.86826347305389
2025-11-06 02:08:16.815614,BTCUSDT,103794.56,103794.56,103621.7,103668.64,17.73104,1,111,66.46706586826348
2025-11-06 03:08:38.372500,BTCUSDT,103117.75,103117.75,103006.17,103060.32,26.09998,1,112,67.06586826347305
2025-11-06 04:08:59.929386,BTCUSDT,103525.39,103537.81,103502.2,103502.2,4.69157,1,113,67.66467065868264
2025-11-06 05:09:21.486272,BTCUSDT,103083.9,103119.95,103072.53,103104.62,7.15768,1,114,68.26347305389223
2025-11-06 06:09:43.043158,BTCUSDT,102900.95,103030.02,102900.95,103030.01,15.22828,1,115,68.8622754491018
2025-11-06 07:10:04.600044,BTCUSDT,102814.6,102919.98,102814.59,102919.98,15.75682,1,116,69.46107784431138
2025-11-06 08:10:26.156930,BTCUSDT,102894.92,102909.32,102872.08,102872.09,2.7832,1,117,70.05988023952095
2025-11-06 09:10:47.713816,BTCUSDT,103214.73,103220.82,103194.1,103194.1,4.95108,1,118,70.65868263473054
2025-11-06 10:11:09.270702,BTCUSDT,102806.02,102838.92,102785.37,102838.91,8.8004,1,119,71.25748502994011
2025-11-06 11:11:30.827588,BTCUSDT,102878.44,102985.64,102878.44,102953.14,20.18578,1,120,71.8562874251497
2025-11-06 12:11:52.384474,BTCUSDT,102307.45,102330.61,102220.0,102234.6,32.43037,1,121,72.45508982035929
2025-11-06 13:12:13.941360,BTCUSDT,101867.75,101918.72,101824.0,101908.55,23.19194,1,122,73.05389221556887
2025-11-06 14:12:35.498246,BTCUSDT,101172.7,101172.7,101081.98,101108.45,22.23557,1,123,73.65269461077844
2025-11-06 15:12:57.055132,BTCUSDT,101332.39,101399.48,101332.39,101334.77,9.68628,1,124,74.25149700598801
2025-11-06 16:13:18.612018,BTCUSDT,101869.69,101949.99,101855.69,101942.2,8.07455,1,125,74.8502994011976
2025-11-06 17:13:40.168904,BTCUSDT,101358.25,101358.25,101255.82,101307.5,9.84914,1,126,75.44910179640718
2025-11-06 18:14:01.725790,BTCUSDT,100605.17,100630.9,100560.64,100560.65,11.78055,1,127,76.04790419161677
2025-11-06 19:14:23.282676,BTCUSDT,101009.7,101122.88,101009.7,101122.87,5.22481,1,128,76.64670658682635
2025-11-06 20:14:44.839562,BTCUSDT,101414.75,101424.59,101321.12,101373.81,10.11688,1,129,77.24550898203593
2025-11-06 21:15:06.396448,BTCUSDT,101414.26,101496.76,101398.12,101398.13,13.78023,1,130,77.84431137724552
2025-11-06 22:15:27.953334,BTCUSDT,101234.03,101356.35,101234.03,101305.41,16.62656,1,131,78.44311377245509
2025-11-06 23:15:49.510220,BTCUSDT,101580.66,101615.48,101514.48,101514.72,9.29766,1,132,79.04191616766467
2025-11-07 00:16:11.067106,BTCUSDT,102250.0,102279.0,102186.72,102276.84,16.68303,1,133,79.64071856287424
2025-11-07 01:16:32.623992,BTCUSDT,101753.07,101814.16,101753.07,101796.49,13.16283,1,134,80.23952095808383
2025-11-07 02:16:54.180878,BTCUSDT,102361.91,102415.63,102356.12,102378.66,6.73661,1,135,80.83832335329342
2025-11-07 03:17:15.737764,BTCUSDT,102338.02,102338.06,102317.27,102338.05,3.19439,1,136,81.437125748503
2025-11-07 04:17:37.294650,BTCUSDT,101998.0,102000.0,101982.36,101982.36,6.55139,1,137,82.03592814371258
2025-11-07 05:17:58.851536,BTCUSDT,101873.06,101935.58,101873.06,101896.88,14.39681,1,138,82.63473053892216
2025-11-07 06:18:20.408422,BTCUSDT,101406.84,101406.85,101406.84,101406.84,2.51194,1,139,83.23353293413174
2025-11-07 07:18:41.965308,BTCUSDT,100795.44,100860.67,100778.04,100822.82,10.76034,1,140,83.8323353293413
2025-11-07 08:19:03.522194,BTCUSDT,100129.79,100165.96,100032.46,100088.71,39.16458,1,141,84.4311377245509
2025-11-07 09:19:25.079080,BTCUSDT,100136.0,100169.38,100078.59,100148.26,22.45683,1,142,85.02994011976048
2025-11-07 10:19:46.635966,BTCUSDT,100230.76,100451.34,100230.76,100448.06,89.17058,1,143,85.62874251497006
2025-11-07 11:20:08.192852,BTCUSDT,100093.68,100168.07,100068.27,100148.05,26.99368,1,144,86.22754491017965
2025-11-07 12:20:29.749738,BTCUSDT,100819.99,100925.12,100721.22,100721.22,36.24499,1,145,86.82634730538922
2025-11-07 13:20:51.306624,BTCUSDT,101027.34,101170.8,101027.34,101167.26,57.08536,1,146,87.42514970059881
2025-11-07 14:21:12.863510,BTCUSDT,101868.98,101925.45,101824.15,101925.44,41.3108,1,147,88.02395209580838
2025-11-07 15:21:34.420396,BTCUSDT,102517.05,102584.42,102440.11,102455.22,22.67003,1,148,88.62275449101796
2025-11-07 16:21:55.977282,BTCUSDT,102833.61,102839.15,102786.71,102805.16,18.06145,1,149,89.22155688622755
2025-11-07 17:22:17.534168,BTCUSDT,103138.23,103151.11,103080.0,103129.01,8.53819,1,150,89.82035928143712
2025-11-07 18:22:39.091054,BTCUSDT,103513.67,103513.68,103433.98,103434.94,9.29039,1,151,90.41916167664671
2025-11-07 19:23:00.647940,BTCUSDT,104002.89,104002.89,103974.71,103974.72,7.61011,1,152,91.01796407185628
2025-11-07 20:23:22.204826,BTCUSDT,103536.14,103541.0,103504.54,103504.54,3.00704,1,153,91.61676646706587
2025-11-07 21:23:43.761712,BTCUSDT,103240.0,103284.19,103240.0,103254.49,5.86769,1,154,92.21556886227546
2025-11-07 22:24:05.318598,BTCUSDT,102984.3,103039.25,102984.3,103019.37,2.53336,1,155,92.81437125748504
2025-11-07 23:24:26.875484,BTCUSDT,103223.67,103277.73,103196.62,103204.1,18.40174,1,156,93.41317365269461
2025-11-08 00:24:48.432370,BTCUSDT,103178.63,103191.92,103178.63,103184.64,3.07528,1,157,94.01197604790418
2025-11-08 01:25:09.989256,BTCUSDT,102609.39,102609.39,102536.11,102559.18,12.01795,1,158,94.61077844311377
2025-11-08 02:25:31.546142,BTCUSDT,102471.53,102509.73,102471.53,102496.39,3.981,1,159,95.20958083832335
2025-11-08 03:25:53.103028,BTCUSDT,102345.94,102345.94,102301.4,102314.71,4.11994,1,160,95.80838323353294
2025-11-08 04:26:14.659914,BTCUSDT,102013.78,102087.74,102013.78,102083.59,4.2042,1,161,96.40718562874252
2025-11-08 05:26:36.216800,BTCUSDT,102471.54,102497.03,102471.54,102490.68,5.30182,1,162,97.0059880239521
2025-11-08 06:26:57.773686,BTCUSDT,102512.51,102512.52,102473.21,102473.22,2.37741,1,163,97.60479041916167
2025-11-08 07:27:19.330572,BTCUSDT,102493.16,102520.03,102493.16,102520.02,4.23235,1,164,98.20359281437125
2025-11-08 08:27:40.887458,BTCUSDT,102564.29,102564.29,102518.07,102524.09,9.88359,1,165,98.80239520958084
2025-11-08 09:28:02.444344,BTCUSDT,102027.53,102067.35,101971.68,101995.82,16.46214,1,166,99.40119760479041
2025-11-08 10:28:24.001230,BTCUSDT,102112.63,102112.63,102102.36,102105.93,5.44739,1,167,100.0
2025-11-08 10:28:24.001268,BTCUSDT,102112.63,102112.63,102102.36,102105.93,5.44739,2,0,0.0
2025-11-08 11:28:45.558154,BTCUSDT,101688.27,101701.29,101688.26,101701.29,1.42318,2,1,0.5988023952095809
2025-11-08 12:29:07.115040,BTCUSDT,101591.93,101618.78,101568.07,101568.07,9.94622,2,2,1.1976047904191618
2025-11-08 13:29:28.671926,BTCUSDT,101841.17,101863.92,101818.29,101863.91,3.4938,2,3,1.7964071856287425
2025-11-08 14:29:50.228812,BTCUSDT,101800.49,101813.37,101798.95,101798.96,2.08843,2,4,2.3952095808383236
2025-11-08 15:30:11.785698,BTCUSDT,102076.0,102108.91,102052.53,102087.01,29.50528,2,5,2.9940119760479043
2025-11-08 16:30:33.342584,BTCUSDT,101792.15,101871.69,101774.43,101856.45,16.20089,2,6,3.592814371257485
2025-11-08 17:30:54.899470,BTCUSDT,102098.69,102098.69,102079.57,102085.34,2.28575,2,7,4.191616766467066
2025-11-08 18:31:16.456356,BTCUSDT,102108.89,102131.71,102099.04,102131.71,3.52268,2,8,4.790419161676647
2025-11-08 19:31:38.013242,BTCUSDT,102329.53,102329.54,102320.53,102320.54,4.06532,2,9,5.389221556886228
2025-11-08 20:31:59.570128,BTCUSDT,102479.47,102479.48,102435.28,102435.28,9.20073,2,10,5.9880239520958085
2025-11-08 21:32:21.127014,BTCUSDT,101891.67,101891.67,101880.0,101880.01,1.31362,2,11,6.58682634730539
2025-11-08 22:32:42.683900,BTCUSDT,101686.72,101780.6,101686.72,101771.23,6.77717,2,12,7.18562874251497
2025-11-08 23:33:04.240786,BTCUSDT,101820.37,101840.89,101800.0,101805.17,16.68167,2,13,7.784431137724551
2025-11-09 00:33:25.797672,BTCUSDT,101541.58,101545.13,101501.87,101531.15,3.32818,2,14,8.383233532934131
2025-11-09 01:33:47.354558,BTCUSDT,102006.57,102019.83,101955.94,101955.95,4.84037,2,15,8.982035928143713
2025-11-09 02:34:08.911444,BTCUSDT,101845.35,101855.04,101797.05,101797.05,15.53828,2,16,9.580838323353294
2025-11-09 03:34:30.468330,BTCUSDT,101835.73,101850.13,101835.72,101840.57,0.46049,2,17,10.179640718562874
2025-11-09 04:34:52.025216,BTCUSDT,101868.0,101883.47,101867.99,101883.47,2.51432,2,18,10.778443113772456
2025-11-09 05:35:13.582102,BTCUSDT,101860.39,101959.99,101851.05,101959.98,6.55121,2,19,11.377245508982035
2025-11-09 06:35:35.138988,BTCUSDT,102000.0,102035.94,102000.0,102021.79,5.45593,2,20,11.976047904191617
2025-11-09 07:35:56.695874,BTCUSDT,101618.96,101634.19,101600.0,101600.0,15.3093,2,21,12.574850299401197
2025-11-09 08:36:18.252760,BTCUSDT,102058.57,102088.87,102058.57,102088.87,2.62615,2,22,13.17365269461078
2025-11-09 09:36:39.809646,BTCUSDT,102149.62,102249.01,102149.62,102245.43,8.85623,2,23,13.77245508982036
2025-11-09 10:37:01.366532,BTCUSDT,102639.14,102687.17,102639.13,102680.21,5.61568,2,24,14.37125748502994
2025-11-09 11:37:22.923418,BTCUSDT,103513.8,103513.8,103421.02,103465.14,54.59911,2,25,14.97005988023952
2025-11-09 12:37:44.480304,BTCUSDT,103707.16,103783.72,103686.43,103762.97,6.63059,2,26,15.568862275449103
2025-11-09 13:38:06.037190,BTCUSDT,103479.13,103493.01,103427.4,103427.4,5.73392,2,27,16.16766467065868
2025-11-09 14:38:27.594076,BTCUSDT,103672.68,103672.69,103645.0,103645.0,6.70846,2,28,16.766467065868262
2025-11-09 15:38:49.150962,BTCUSDT,103759.77,103759.78,103730.58,103730.58,2.58175,2,29,17.365269461077844
2025-11-09 16:39:10.707848,BTCUSDT,104762.21,104770.29,104728.48,104728.49,9.55731,2,30,17.964071856287426
2025-11-09 17:39:32.264734,BTCUSDT,104567.77,104575.41,104564.45,104575.41,4.18223,2,31,18.562874251497004
2025-11-09 18:39:53.821620,BTCUSDT,104639.9,104845.16,104639.9,104771.07,29.39053,2,32,19.16167664670659
2025-11-09 19:40:15.378506,BTCUSDT,104247.27,104260.82,104247.26,104254.17,2.6753,2,33,19.760479041916167
2025-11-09 20:40:36.935392,BTCUSDT,104651.69,104696.01,104572.52,104601.18,25.04002,2,34,20.35928143712575
2025-11-09 21:40:58.492278,BTCUSDT,105999.1,106039.67,105876.15,105927.99,61.06291,2,35,20.958083832335326
2025-11-09 22:41:20.049164,BTCUSDT,105857.8,105899.0,105857.79,105858.83,10.46704,2,36,21.55688622754491
2025-11-09 23:41:41.606050,BTCUSDT,105757.04,105758.72,105686.28,105730.8,17.98449,2,37,22.15568862275449
2025-11-10 00:42:03.162936,BTCUSDT,106127.9,106169.99,106114.25,106169.99,3.496,2,38,22.75449101796407
2025-11-10 01:42:24.719822,BTCUSDT,105880.4,105894.53,105874.71,105882.85,5.38071,2,39,23.353293413173652
2025-11-10 02:42:46.276708,BTCUSDT,106109.51,106129.12,106087.06,106099.02,5.02363,2,40,23.952095808383234
2025-11-10 03:43:07.833594,BTCUSDT,106167.0,106212.23,106166.99,106188.3,5.83193,2,41,24.550898203592812
2025-11-10 04:43:29.390480,BTCUSDT,106369.64,106369.65,106329.19,106334.02,16.65221,2,42,25.149700598802394
2025-11-10 05:43:50.947366,BTCUSDT,105900.01,105942.9,105900.0,105942.89,5.52095,2,43,25.748502994011975
2025-11-10 06:44:12.504252,BTCUSDT,106507.34,106525.0,106459.83,106524.99,23.70491,2,44,26.34730538922156
2025-11-10 07:44:34.061138,BTCUSDT,106064.89,106076.55,106064.88,106076.54,3.00796,2,45,26.94610778443114
2025-11-10 08:44:55.618024,BTCUSDT,106286.14,106291.43,106286.13,106291.43,5.80663,2,46,27.54491017964072
2025-11-10 09:45:17.174910,BTCUSDT,105915.28,105939.48,105909.22,105928.39,4.4692,2,47,28.143712574850298
2025-11-10 10:45:38.731796,BTCUSDT,106515.66,106550.0,106446.34,106450.35,10.76639,2,48,28.74251497005988
2025-11-10 11:46:00.288682,BTCUSDT,105414.5,105414.5,105270.0,105345.44,63.24141,2,49,29.34131736526946
2025-11-10 12:46:21.845568,BTCUSDT,105353.91,105376.27,105250.01,105250.02,18.2448,2,50,29.94011976047904
2025-11-10 13:46:43.402454,BTCUSDT,104832.93,104969.17,104784.36,104969.17,26.27285,2,51,30.538922155688624
2025-11-10 14:47:04.959340,BTCUSDT,105825.88,105848.51,105825.88,105830.77,8.26201,2,52,31.137724550898206
2025-11-10 15:47:26.516226,BTCUSDT,105875.85,105968.0,105875.84,105947.0,5.80479,2,53,31.736526946107784
2025-11-10 16:47:48.073112,BTCUSDT,105942.6,105950.0,105908.0,105908.0,3.33303,2,54,32.33532934131736
2025-11-10 17:48:09.629998,BTCUSDT,106190.0,106190.01,106086.38,106098.35,23.67632,2,55,32.93413173652694
2025-11-10 18:48:31.186884,BTCUSDT,105325.03,105366.0,105280.0,105297.89,25.44104,2,56,33.532934131736525
2025-11-10 19:48:52.743770,BTCUSDT,105901.68,105916.0,105825.88,105846.01,15.98224,2,57,34.13173652694611
2025-11-10 20:49:14.300656,BTCUSDT,106221.72,106221.72,106177.35,106203.35,6.77348,2,58,34.73053892215569
2025-11-10 21:49:35.857542,BTCUSDT,105751.41,105825.88,105741.29,105825.87,11.31372,2,59,35.32934131736527
2025-11-10 22:49:57.414428,BTCUSDT,106600.0,106634.0,106500.0,106576.79,43.20055,2,60,35.92814371257485
2025-11-10 23:50:18.971314,BTCUSDT,106606.72,106617.56,106547.07,106557.79,4.60974,2,61,36.52694610778443
2025-11-11 00:50:40.528200,BTCUSDT,106518.0,106518.0,106452.12,106501.43,8.54387,2,62,37.12574850299401
2025-11-11 01:51:02.085086,BTCUSDT,105740.01,105769.3,105723.92,105764.23,11.97686,2,63,37.72455089820359
2025-11-11 02:51:23.641972,BTCUSDT,105395.59,105458.0,105358.0,105366.24,28.26313,2,64,38.32335329341318
2025-11-11 03:51:45.198858,BTCUSDT,104997.27,105133.66,104997.27,105133.66,7.77509,2,65,38.92215568862276
2025-11-11 04:52:06.755744,BTCUSDT,104792.64,104835.98,104767.5,104773.7,18.53507,2,66,39.52095808383233
2025-11-11 05:52:28.312630,BTCUSDT,105084.42,105099.62,105067.97,105094.3,4.90029,2,67,40.119760479041915
2025-11-11 06:52:49.869516,BTCUSDT,105013.03,105013.04,104960.83,104996.32,6.85362,2,68,40.7185628742515
2025-11-11 07:53:11.426402,BTCUSDT,105093.7,105099.54,105093.7,105095.88,3.2233,2,69,41.31736526946108
2025-11-11 08:53:32.983288,BTCUSDT,105202.56,105202.57,105197.3,105199.92,1.80977,2,70,41.91616766467065
2025-11-11 09:53:54.540174,BTCUSDT,104573.2,104595.28,104540.0,104568.4,15.57924,2,71,42.51497005988024
2025-11-11 10:54:16.097060,BTCUSDT,104377.13,104383.28,104225.0,104297.99,34.88377,2,72,43.11377245508982
2025-11-11 11:54:37.653946,BTCUSDT,103956.11,104017.23,103911.88,104017.23,24.2956,2,73,43.712574850299404
2025-11-11 12:54:59.210832,BTCUSDT,103475.15,103559.43,103465.4,103496.01,38.00613,2,74,44.31137724550898
2025-11-11 13:55:20.767718,BTCUSDT,103465.75,103482.79,103435.43,103442.43,1.99684,2,75,44.91017964071856
2025-11-11 14:55:42.324604,BTCUSDT,103225.0,103290.95,103225.0,103290.94,57.96896,2,76,45.50898203592814
2025-11-11 15:56:03.881490,BTCUSDT,103398.95,103398.96,103382.53,103382.54,4.45172,2,77,46.10778443113773
2025-11-11 16:56:25.438376,BTCUSDT,103289.13,103289.13,103245.44,103245.44,2.2178,2,78,46.706586826347305
2025-11-11 17:56:46.995262,BTCUSDT,102896.69,102896.7,102860.11,102869.81,21.56829,2,79,47.30538922155689
2025-11-11 18:57:08.552148,BTCUSDT,102759.01,102759.01,102700.0,102710.0,33.10358,2,80,47.90419161676647
2025-11-11 19:57:30.109034,BTCUSDT,103014.04,103014.04,102984.61,102984.62,4.47668,2,81,48.50299401197605
2025-11-11 20:57:51.665920,BTCUSDT,103064.11,103065.58,103027.26,103037.08,9.34969,2,82,49.101796407185624
2025-11-11 21:58:13.222806,BTCUSDT,102905.66,102905.66,102841.09,102885.99,14.32056,2,83,49.700598802395206
2025-11-11 22:58:34.779692,BTCUSDT,103222.55,103284.71,103222.55,103254.64,8.72732,2,84,50.29940119760479
2025-11-11 23:58:56.336578,BTCUSDT,103151.65,103179.87,103151.64,103151.66,2.90621,2,85,50.898203592814376
2025-11-12 00:59:17.893464,BTCUSDT,103310.0,103326.18,103290.5,103290.5,3.51192,2,86,51.49700598802395
2025-11-12 01:59:39.450350,BTCUSDT,103246.87,103311.1,103246.86,103276.01,9.58329,2,87,52.09580838323353
2025-11-12 03:00:01.007236,BTCUSDT,103373.41,103377.95,103358.94,103376.63,5.087,2,88,52.69461077844312
2025-11-12 04:00:22.564122,BTCUSDT,103358.47,103365.12,103347.58,103365.11,6.08784,2,89,53.293413173652695
2025-11-12 05:00:44.121008,BTCUSDT,103143.19,103159.21,103112.24,103149.38,8.95649,2,90,53.89221556886228
2025-11-12 06:01:05.677894,BTCUSDT,104145.98,104197.43,104145.98,104197.43,11.27209,2,91,54.49101796407185
2025-11-12 07:01:27.234780,BTCUSDT,104636.79,104660.0,104628.93,104660.0,6.61183,2,92,55.08982035928144
2025-11-12 08:01:48.791666,BTCUSDT,104936.48,105024.51,104936.47,105024.5,13.10317,2,93,55.688622754491014
2025-11-12 09:02:10.348552,BTCUSDT,104956.76,104981.16,104922.07,104922.07,8.49424,2,94,56.287425149700596
2025-11-12 10:02:31.905438,BTCUSDT,104850.0,104883.62,104794.61,104877.0,39.50794,2,95,56.886227544910184
2025-11-12 11:02:53.462324,BTCUSDT,104828.94,104892.07,104828.94,104880.01,8.97715,2,96,57.48502994011976
2025-11-12 12:03:15.019210,BTCUSDT,104059.95,104299.98,104059.95,104221.99,24.97674,2,97,58.08383233532935
2025-11-12 13:03:36.576096,BTCUSDT,102129.66,102189.3,101867.32,101902.08,58.26141,2,98,58.68263473053892
2025-11-12 14:03:58.132982,BTCUSDT,101569.01,101604.0,101533.55,101577.61,8.07382,2,99,59.2814371257485
2025-11-12 15:04:19.689868,BTCUSDT,101900.0,101900.0,101780.0,101784.29,23.59076,2,100,59.88023952095808
2025-11-12 16:04:41.246754,BTCUSDT,101450.0,101450.01,101372.63,101425.66,26.74044,2,101,60.47904191616767
2025-11-12 17:05:02.803640,BTCUSDT,101346.09,101360.47,101294.0,101353.33,6.90742,2,102,61.07784431137725
2025-11-12 18:05:24.360526,BTCUSDT,101564.96,101564.97,101532.83,101549.75,4.65388,2,103,61.67664670658682
2025-11-12 19:05:45.917412,BTCUSDT,101783.68,101783.68,101741.34,101741.34,7.43017,2,104,62.27544910179641
2025-11-12 20:06:07.474298,BTCUSDT,101734.29,101752.49,101728.98,101740.46,3.87478,2,105,62.874251497005986
2025-11-12 21:06:29.031184,BTCUSDT,101703.13,101741.39,101703.12,101741.39,2.94254,2,106,63.47305389221557
2025-11-12 22:06:50.588070,BTCUSDT,101921.44,101994.08,101885.03,101986.76,13.29197,2,107,64.07185628742515
2025-11-12 23:07:12.144956,BTCUSDT,102169.33,102190.0,102149.99,102150.0,2.744,2,108,64.67065868263472
2025-11-13 00:07:33.701842,BTCUSDT,102026.01,102026.01,102002.68,102002.68,5.03827,2,109,65.26946107784431
2025-11-13 01:07:55.258728,BTCUSDT,101778.82,101864.0,101766.94,101820.22,15.91692,2,110,65.86826347305389
2025-11-13 02:08:16.815614,BTCUSDT,101983.21,102003.62,101983.2,102003.6,1.19893,2,111,66.46706586826348
2025-11-13 03:08:38.372500,BTCUSDT,102989.99,103142.48,102933.11,103032.12,27.14767,2,112,67.06586826347305
2025-11-13 04:08:59.929386,BTCUSDT,103722.49,103800.0,103673.6,103782.53,19.77942,2,113,67.66467065868264
2025-11-13 05:09:21.486272,BTCUSDT,103540.2,103572.48,103513.12,103543.58,6.01013,2,114,68.26347305389223
2025-11-13 06:09:43.043158,BTCUSDT,102812.9,102812.91,102579.0,102694.31,69.69651,2,115,68.8622754491018
2025-11-13 07:10:04.600044,BTCUSDT,102956.91,102986.82,102937.95,102937.95,9.32749,2,116,69.46107784431138
2025-11-13 08:10:26.156930,BTCUSDT,103106.49,103123.65,103106.49,103106.49,2.90659,2,117,70.05988023952095
2025-11-13 09:10:47.713816,BTCUSDT,102942.13,102942.13,102874.79,102897.28,8.77621,2,118,70.65868263473054
2025-11-13 10:11:09.270702,BTCUSDT,102971.67,102971.67,102938.03,102961.79,3.95432,2,119,71.25748502994011
2025-11-13 11:11:30.827588,BTCUSDT,102375.8,102381.09,102246.45,102246.45,16.74634,2,120,71.8562874251497
2025-11-13 12:11:52.384474,BTCUSDT,102529.31,102747.74,102510.1,102703.43,28.54774,2,121,72.45508982035929
2025-11-13 13:12:13.941360,BTCUSDT,101082.45,101114.39,101013.65,101082.45,53.17384,2,122,73.05389221556887
2025-11-13 14:12:35.498246,BTCUSDT,100609.18,100671.34,100589.03,100651.95,21.27567,2,123,73.65269461077844
2025-11-13 15:12:57.055132,BTCUSDT,99380.38,99392.92,99280.04,99290.0,76.48148,2,124,74.25149700598801
2025-11-13 16:13:18.612018,BTCUSDT,98750.69,98798.0,98679.98,98696.08,56.56254,2,125,74.8502994011976
2025-11-13 17:13:40.168904,BTCUSDT,98329.24,98337.96,98272.03,98308.6,30.17258,2,126,75.44910179640718
2025-11-13 18:14:01.725790,BTCUSDT,98620.0,98620.0,98549.58,98604.91,11.19649,2,127,76.04790419161677
2025-11-13 19:14:23.282676,BTCUSDT,99301.62,99355.98,99209.84,99215.31,41.40165,2,128,76.64670658682635
2025-11-13 20:14:44.839562,BTCUSDT,100092.4,100223.93,100062.35,100220.0,43.86997,2,129,77.24550898203593
2025-11-13 21:15:06.396448,BTCUSDT,98933.33,98933.34,98808.0,98847.66,65.53406,2,130,77.84431137724552
2025-11-13 22:15:27.953334,BTCUSDT,98843.22,98908.69,98792.28,98908.68,34.29283,2,131,78.44311377245509
2025-11-13 23:15:49.510220,BTCUSDT,99559.21,99671.68,99559.21,99643.0,23.72924,2,132,79.04191616766467
2025-11-14 00:16:11.067106,BTCUSDT,99206.01,99274.46,99198.71,99274.46,7.82531,2,133,79.64071856287424
2025-11-14 01:16:32.623992,BTCUSDT,98872.11,98943.98,98806.19,98943.98,9.85826,2,134,80.23952095808383
2025-11-14 02:16:54.180878,BTCUSDT,97443.37,97593.6,97420.0,97527.35,46.06519,2,135,80.83832335329342
2025-11-14 03:17:15.737764,BTCUSDT,96982.07,97005.36,96917.5,96952.82,31.643,2,136,81.437125748503
2025-11-14 04:17:37.294650,BTCUSDT,97493.79,97500.0,97285.5,97348.16,30.65752,2,137,82.03592814371258
2025-11-14 05:17:58.851536,BTCUSDT,97095.42,97230.31,97082.8,97217.84,40.48571,2,138,82.63473053892216
2025-11-14 06:18:20.408422,BTCUSDT,97106.55,97117.1,96991.0,97035.01,22.15471,2,139,83.23353293413174
2025-11-14 07:18:41.965308,BTCUSDT,96939.56,97000.0,96931.4,96999.99,4.23747,2,140,83.8323353293413
2025-11-14 08:19:03.522194,BTCUSDT,96465.84,96579.98,96424.04,96467.52,29.44118,2,141,84.4311377245509
2025-11-14 09:19:25.079080,BTCUSDT,95696.83,95738.28,95595.6,95628.75,49.60253,2,142,85.02994011976048
2025-11-14 10:19:46.635966,BTCUSDT,94960.01,95024.37,94855.04,94864.01,58.21513,2,143,85.62874251497006
2025-11-14 11:20:08.192852,BTCUSDT,95561.01,95618.79,95500.0,95570.86,31.43481,2,144,86.22754491017965
2025-11-14 12:20:29.749738,BTCUSDT,96250.62,96258.76,96076.0,96220.01,19.19009,2,145,86.82634730538922
2025-11-14 13:20:51.306624,BTCUSDT,96387.96,96496.43,96387.96,96461.78,16.12791,2,146,87.42514970059881
2025-11-14 14:21:12.863510,BTCUSDT,96939.25,96969.8,96904.42,96942.51,7.46694,2,147,88.02395209580838
2025-11-14 15:21:34.420396,BTCUSDT,95970.29,95975.07,95856.81,95867.03,8.8117,2,148,88.62275449101796
2025-11-14 16:21:55.977282,BTCUSDT,95763.68,95876.88,95724.0,95868.91,14.7678,2,149,89.22155688622755
2025-11-14 17:22:17.534168,BTCUSDT,95045.61,95114.62,95004.5,95007.77,39.33043,2,150,89.82035928143712
2025-11-14 18:22:39.091054,BTCUSDT,95014.66,95014.66,94951.48,94968.24,7.72746,2,151,90.41916167664671
2025-11-14 19:23:00.647940,BTCUSDT,95033.76,95033.76,94947.99,94948.0,4.80424,2,152,91.01796407185628
2025-11-14 20:23:22.204826,BTCUSDT,94224.98,94266.0,94163.43,94259.3,19.27424,2,153,91.61676646706587
2025-11-14 21:23:43.761712,BTCUSDT,95319.4,95394.8,95301.69,95394.8,20.95274,2,154,92.21556886227546
2025-11-14 22:24:05.318598,BTCUSDT,95121.84,95147.64,95112.85,95137.06,8.00036,2,155,92.81437125748504
2025-11-14 23:24:26.875484,BTCUSDT,95749.99,95780.53,95740.94,95779.83,9.27408,2,156,93.41317365269461
2025-11-15 00:24:48.432370,BTCUSDT,96616.91,96743.47,96612.87,96734.01,24.28464,2,157,94.01197604790418
2025-11-15 01:25:09.989256,BTCUSDT,96248.1,96257.76,96192.6,96192.61,13.98573,2,158,94.61077844311377
2025-11-15 02:25:31.546142,BTCUSDT,96108.84,96108.85,96079.75,96091.32,3.61912,2,159,95.20958083832335
2025-11-15 03:25:53.103028,BTCUSDT,96485.31,96485.31,96443.41,96443.41,6.72618,2,160,95.80838323353294
2025-11-15 04:26:14.659914,BTCUSDT,96346.59,96369.2,96346.59,96358.29,5.86741,2,161,96.40718562874252
2025-11-15 05:26:36.216800,BTCUSDT,95821.0,95915.03,95803.47,95895.84,7.52132,2,162,97.0059880239521
2025-11-15 06:26:57.773686,BTCUSDT,96094.97,96094.97,95967.4,95979.11,7.64024,2,163,97.60479041916167
2025-11-15 07:27:19.330572,BTCUSDT,95884.69,95910.46,95864.1,95910.45,5.46737,2,164,98.20359281437125
2025-11-15 08:27:40.887458,BTCUSDT,95826.52,95826.52,95818.58,95822.86,1.20277,2,165,98.80239520958084
2025-11-15 09:28:02.444344,BTCUSDT,95861.02,95861.02,95850.0,95855.73,2.46853,2,166,99.40119760479041
2025-11-15 10:28:24.001230,BTCUSDT,96062.02,96062.02,96047.22,96059.57,7.65532,2,167,100.0
2025-11-15 10:28:24.001268,BTCUSDT,96062.02,96062.02,96047.22,96059.57,7.65532,3,0,0.0
2025-11-15 11:28:45.558154,BTCUSDT,96135.55,96151.06,96135.55,96140.81,2.51439,3,1,0.5988023952095809
2025-11-15 12:29:07.115040,BTCUSDT,96381.44,96381.44,96232.96,96283.96,15.64775,3,2,1.1976047904191618
2025-11-15 13:29:28.671926,BTCUSDT,95803.6,95811.18,95794.0,95800.8,5.32432,3,3,1.7964071856287425
2025-11-15 14:29:50.228812,BTCUSDT,96013.71,96030.0,95937.85,95948.0,7.16105,3,4,2.3952095808383236
2025-11-15 15:30:11.785698,BTCUSDT,96039.7,96039.71,96019.01,96021.25,2.94897,3,5,2.9940119760479043
2025-11-15 16:30:33.342584,BTCUSDT,96029.13,96041.61,96029.12,96041.61,3.60385,3,6,3.592814371257485
2025-11-15 17:30:54.899470,BTCUSDT,95669.59,95697.99,95668.75,95697.98,3.18519,3,7,4.191616766467066
2025-11-15 18:31:16.456356,BTCUSDT,95400.06,95400.06,95348.85,95372.98,13.44459,3,8,4.790419161676647
2025-11-15 19:31:38.013242,BTCUSDT,95642.75,95642.75,95575.2,95575.21,2.61652,3,9,5.389221556886228
2025-11-15 20:31:59.570128,BTCUSDT,95633.57,95667.41,95633.57,95667.4,4.69006,3,10,5.9880239520958085
2025-11-15 21:32:21.127014,BTCUSDT,95223.82,95248.0,95219.05,95248.0,10.57533,3,11,6.58682634730539
2025-11-15 22:32:42.683900,BTCUSDT,95267.06,95267.06,95084.84,95084.84,20.47174,3,12,7.18562874251497
2025-11-15 23:33:04.240786,BTCUSDT,95707.32,95707.32,95600.0,95617.88,7.81659,3,13,7.784431137724551
2025-11-16 00:33:25.797672,BTCUSDT,95799.98,95819.41,95799.98,95800.01,4.91719,3,14,8.383233532934131
2025-11-16 01:33:47.354558,BTCUSDT,95685.71,95717.08,95685.7,95717.08,1.33743,3,15,8.982035928143713
2025-11-16 02:34:08.911444,BTCUSDT,95923.05,95972.3,95923.05,95972.29,2.70049,3,16,9.580838323353294
2025-11-16 03:34:30.468330,BTCUSDT,95966.29,95976.38,95962.68,95976.37,1.37333,3,17,10.179640718562874
2025-11-16 04:34:52.025216,BTCUSDT,95835.37,95919.9,95835.37,95919.89,5.75155,3,18,10.778443113772456
2025-11-16 05:35:13.582102,BTCUSDT,95889.76,95901.33,95889.76,95901.33,5.70011,3,19,11.377245508982035
2025-11-16 06:35:35.138988,BTCUSDT,96095.7,96105.32,96085.34,96105.32,1.94654,3,20,11.976047904191617
2025-11-16 07:35:56.695874,BTCUSDT,96486.79,96494.89,96464.25,96469.05,3.73536,3,21,12.574850299401197
2025-11-16 08:36:18.252760,BTCUSDT,95750.01,95762.44,95663.51,95663.52,9.64706,3,22,13.17365269461078
2025-11-16 09:36:39.809646,BTCUSDT,95463.86,95631.33,95461.78,95554.31,11.80746,3,23,13.77245508982036
2025-11-16 10:37:01.366532,BTCUSDT,95343.78,95347.1,95231.62,95295.98,20.26627,3,24,14.37125748502994
2025-11-16 11:37:22.923418,BTCUSDT,95543.13,95543.13,95490.63,95513.28,3.5305,3,25,14.97005988023952
2025-11-16 12:37:44.480304,BTCUSDT,95397.92,95423.43,95397.92,95417.62,4.2018,3,26,15.568862275449103
2025-11-16 13:38:06.037190,BTCUSDT,94110.84,94172.0,94100.7,94134.99,43.52035,3,27,16.16766467065868
2025-11-16 14:38:27.594076,BTCUSDT,94163.5,94198.92,94121.69,94127.89,48.27418,3,28,16.766467065868262
2025-11-16 15:38:49.150962,BTCUSDT,94552.99,94564.93,94360.32,94360.33,45.50812,3,29,17.365269461077844
2025-11-16 16:39:10.707848,BTCUSDT,94197.98,94211.42,94153.17,94169.06,43.98032,3,30,17.964071856287426
2025-11-16 17:39:32.264734,BTCUSDT,94417.38,94417.38,94316.34,94361.59,8.66705,3,31,18.562874251497004
2025-11-16 18:39:53.821620,BTCUSDT,93626.46,93675.0,93626.46,93673.99,13.06328,3,32,19.16167664670659
2025-11-16 19:40:15.378506,BTCUSDT,93676.09,93696.0,93600.0,93613.79,17.50192,3,33,19.760479041916167
2025-11-16 20:40:36.935392,BTCUSDT,94338.37,94368.9,94321.38,94321.39,12.14854,3,34,20.35928143712575
2025-11-16 21:40:58.492278,BTCUSDT,94941.82,94976.07,94828.7,94828.7,34.3327,3,35,20.958083832335326
2025-11-16 22:41:20.049164,BTCUSDT,94982.57,95000.0,94937.66,94965.93,21.87111,3,36,21.55688622754491
2025-11-16 23:41:41.606050,BTCUSDT,95017.88,95017.89,94970.23,94992.62,9.13734,3,37,22.15568862275449
2025-11-17 00:42:03.162936,BTCUSDT,95373.54,95374.27,95358.42,95361.67,5.77146,3,38,22.75449101796407
2025-11-17 01:42:24.719822,BTCUSDT,95342.81,95365.09,95335.75,95365.09,9.82753,3,39,23.353293413173652
2025-11-17 02:42:46.276708,BTCUSDT,95147.83,95157.84,95105.5,95138.1,9.06413,3,40,23.952095808383234
2025-11-17 03:43:07.833594,BTCUSDT,94925.2,94960.0,94925.2,94942.5,5.37147,3,41,24.550898203592812
2025-11-17 04:43:29.390480,BTCUSDT,95748.64,95785.86,95748.63,95751.56,22.40535,3,42,25.149700598802394
2025-11-17 05:43:50.947366,BTCUSDT,95671.88,95671.89,95622.89,95623.12,12.84421,3,43,25.748502994011975
2025-11-17 06:44:12.504252,BTCUSDT,95745.16,95759.77,95692.19,95711.32,9.61229,3,44,26.34730538922156
2025-11-17 07:44:34.061138,BTCUSDT,95745.18,95799.38,95741.81,95799.37,7.38661,3,45,26.94610778443114
2025-11-17 08:44:55.618024,BTCUSDT,95620.03,95632.52,95527.32,95528.91,80.59557,3,46,27.54491017964072
2025-11-17 09:45:17.174910,BTCUSDT,95468.08,95468.08,95450.0,95450.01,1.79366,3,47,28.143712574850298
2025-11-17 10:45:38.731796,BTCUSDT,93891.99,93981.98,93797.23,93882.01,39.84631,3,48,28.74251497005988
2025-11-17 11:46:00.288682,BTCUSDT,95376.11,95562.29,95376.11,95514.48,44.29214,3,49,29.34131736526946
2025-11-17 12:46:21.845568,BTCUSDT,94207.18,94338.0,94179.16,94299.24,23.49523,3,50,29.94011976047904
2025-11-17 13:46:43.402454,BTCUSDT,93771.82,93806.36,93687.79,93736.47,27.5172,3,51,30.538922155688624
2025-11-17 14:47:04.959340,BTCUSDT,92780.0,92844.01,92700.0,92778.03,64.53876,3,52,31.137724550898206
2025-11-17 15:47:26.516226,BTCUSDT,92947.35,93068.1,92947.34,93010.01,25.17436,3,53,31.736526946107784
2025-11-17 16:47:48.073112,BTCUSDT,91669.19,91805.0,91588.0,91804.99,100.71406,3,54,32.33532934131736
2025-11-17 17:48:09.629998,BTCUSDT,91911.02,92000.0,91898.0,91929.41,45.66134,3,55,32.93413173652694
2025-11-17 18:48:31.186884,BTCUSDT,91624.82,91685.89,91618.28,91672.74,29.39439,3,56,33.532934131736525
2025-11-17 19:48:52.743770,BTCUSDT,92254.8,92254.8,92231.95,92246.58,11.83332,3,57,34.13173652694611
2025-11-17 20:49:14.300656,BTCUSDT,92066.46,92100.0,92048.24,92048.25,36.98054,3,58,34.73053892215569
2025-11-17 21:49:35.857542,BTCUSDT,91878.85,92035.5,91851.2,91941.85,51.11444,3,59,35.32934131736527
2025-11-17 22:49:57.414428,BTCUSDT,91797.13,91814.41,91744.93,91758.0,13.97971,3,60,35.92814371257485
2025-11-17 23:50:18.971314,BTCUSDT,91418.28,91418.29,91214.74,91246.15,20.79946,3,61,36.52694610778443
2025-11-18 00:50:40.528200,BTCUSDT,90713.01,90816.06,90713.01,90736.19,22.99439,3,62,37.12574850299401
2025-11-18 01:51:02.085086,BTCUSDT,89574.0,89634.04,89561.69,89606.26,40.67312,3,63,37.72455089820359
2025-11-18 02:51:23.641972,BTCUSDT,90276.52,90297.9,90232.53,90232.53,18.83355,3,64,38.32335329341318
2025-11-18 03:51:45.198858,BTCUSDT,89404.19,89434.2,89371.12,89410.5,37.43527,3,65,38.92215568862276
2025-11-18 04:52:06.755744,BTCUSDT,90424.81,90469.49,90410.97,90451.45,26.75597,3,66,39.52095808383233
2025-11-18 05:52:28.312630,BTCUSDT,91274.47,91334.0,91256.12,91272.61,24.70861,3,67,40.119760479041915
2025-11-18 06:52:49.869516,BTCUSDT,91301.04,91328.99,91283.01,91283.01,15.88179,3,68,40.7185628742515
2025-11-18 07:53:11.426402,BTCUSDT,91384.51,91454.19,91384.51,91417.44,26.38188,3,69,41.31736526946108
2025-11-18 08:53:32.983288,BTCUSDT,91537.14,91537.14,91514.45,91536.4,9.61575,3,70,41.91616766467065
2025-11-18 09:53:54.540174,BTCUSDT,91483.38,91519.61,91476.84,91505.81,4.83274,3,71,42.51497005988024
2025-11-18 10:54:16.097060,BTCUSDT,91474.75,91474.75,91368.73,91392.17,12.53662,3,72,43.11377245508982
2025-11-18 11:54:37.653946,BTCUSDT,91592.41,91592.41,91409.79,91513.09,128.63631,3,73,43.712574850299404
2025-11-18 12:54:59.210832,BTCUSDT,92977.71,93027.08,92952.0,92982.86,38.41781,3,74,44.31137724550898
2025-11-18 13:55:20.767718,BTCUSDT,93459.73,93466.43,93396.05,93424.29,60.3392,3,75,44.91017964071856
2025-11-18 14:55:42.324604,BTCUSDT,93186.11,93275.01,93186.1,93267.46,3.83692,3,76,45.50898203592814
2025-11-18 15:56:03.881490,BTCUSDT,93381.22,93381.22,93317.09,93323.03,4.30674,3,77,46.10778443113773
2025-11-18 16:56:25.438376,BTCUSDT,93139.58,93164.01,93100.0,93123.28,8.28322,3,78,46.706586826347305
2025-11-18 17:56:46.995262,BTCUSDT,92844.81,92850.25,92790.41,92798.42,5.79338,3,79,47.30538922155689
2025-11-18 18:57:08.552148,BTCUSDT,92485.62,92539.01,92485.61,92522.24,25.09576,3,80,47.90419161676647
2025-11-18 19:57:30.109034,BTCUSDT,93186.12,93186.12,93114.84,93114.84,4.51596,3,81,48.50299401197605
2025-11-18 20:57:51.665920,BTCUSDT,92990.0,93038.31,92986.05,92986.06,7.91864,3,82,49.101796407185624
2025-11-18 21:58:13.222806,BTCUSDT,92516.27,92516.27,92409.83,92416.51,7.36365,3,83,49.700598802395206
2025-11-18 22:58:34.779692,BTCUSDT,92264.37,92449.24,92255.16,92439.99,11.04918,3,84,50.29940119760479
2025-11-18 23:58:56.336578,BTCUSDT,92600.0,92600.0,92543.21,92569.12,9.82234,3,85,50.898203592814376
2025-11-19 00:59:17.893464,BTCUSDT,91874.51,91923.07,91811.56,91906.6,27.47429,3,86,51.49700598802395
2025-11-19 01:59:39.450350,BTCUSDT,91163.2,91251.99,91131.39,91251.99,15.99819,3,87,52.09580838323353
2025-11-19 03:00:01.007236,BTCUSDT,90335.53,90361.75,90282.83,90361.75,10.24087,3,88,52.69461077844312
2025-11-19 04:00:22.564122,BTCUSDT,90981.83,90981.83,90959.82,90975.91,7.69743,3,89,53.293413173652695
2025-11-19 05:00:44.121008,BTCUSDT,91842.58,91906.0,91842.57,91865.57,4.98733,3,90,53.89221556886228
2025-11-19 06:01:05.677894,BTCUSDT,91375.59,91383.09,91196.77,91288.11,85.19621,3,91,54.49101796407185
2025-11-19 07:01:27.234780,BTCUSDT,91526.71,91569.08,91526.7,91568.39,4.91629,3,92,55.08982035928144
2025-11-19 08:01:48.791666,BTCUSDT,91332.57,91366.53,91332.56,91364.59,6.55779,3,93,55.688622754491014
2025-11-19 09:02:10.348552,BTCUSDT,91442.37,91447.99,91386.3,91406.42,5.4122,3,94,56.287425149700596
2025-11-19 10:02:31.905438,BTCUSDT,91711.35,91722.71,91702.47,91702.47,2.12141,3,95,56.886227544910184
2025-11-19 11:02:53.462324,BTCUSDT,91339.49,91390.41,91333.23,91370.17,6.20858,3,96,57.48502994011976
2025-11-19 12:03:15.019210,BTCUSDT,91893.89,91910.91,91822.47,91899.99,21.84133,3,97,58.08383233532935
2025-11-19 13:03:36.576096,BTCUSDT,90172.05,90179.48,90000.05,90006.0,38.46002,3,98,58.68263473053892
2025-11-19 14:03:58.132982,BTCUSDT,89844.0,89852.99,89630.11,89639.02,40.78899,3,99,59.2814371257485
2025-11-19 15:04:19.689868,BTCUSDT,89553.35,89559.62,89482.67,89518.88,20.52311,3,100,59.88023952095808
2025-11-19 16:04:41.246754,BTCUSDT,89240.09,89300.0,89184.27,89278.05,24.22675,3,101,60.47904191616767
2025-11-19 17:05:02.803640,BTCUSDT,88725.18,88774.33,88698.01,88752.45,22.59458,3,102,61.07784431137725
2025-11-19 18:05:24.360526,BTCUSDT,89849.65,89935.54,89831.02,89895.41,74.58387,3,103,61.67664670658682
2025-11-19 19:05:45.917412,BTCUSDT,90365.91,90435.09,90354.2,90435.08,11.4869,3,104,62.27544910179641
2025-11-19 20:06:07.474298,BTCUSDT,90861.98,91140.0,90843.83,91139.95,97.59228,3,105,62.874251497005986
2025-11-19 21:06:29.031184,BTCUSDT,91238.99,91296.47,91235.31,91296.47,6.08097,3,106,63.47305389221557
2025-11-19 22:06:50.588070,BTCUSDT,92184.99,92312.88,92138.5,92230.62,65.05999,3,107,64.07185628742515
2025-11-19 23:07:12.144956,BTCUSDT,92713.54,92730.36,92508.91,92508.91,42.72071,3,108,64.67065868263472
2025-11-20 00:07:33.701842,BTCUSDT,92535.17,92564.61,92501.29,92501.29,14.23563,3,109,65.26946107784431
2025-11-20 01:07:55.258728,BTCUSDT,92418.6,92418.61,92383.9,92389.91,6.74013,3,110,65.86826347305389
2025-11-20 02:08:16.815614,BTCUSDT,93060.88,93060.89,92937.99,92937.99,16.13219,3,111,66.46706586826348
2025-11-20 03:08:38.372500,BTCUSDT,92832.3,92844.37,92799.17,92799.18,10.6137,3,112,67.06586826347305
2025-11-20 04:08:59.929386,BTCUSDT,91916.65,91934.98,91885.4,91917.29,7.35724,3,113,67.66467065868264
2025-11-20 05:09:21.486272,BTCUSDT,92378.24,92383.93,92270.45,92270.46,9.516,3,114,68.26347305389223
2025-11-20 06:09:43.043158,BTCUSDT,92060.48,92073.56,92060.47,92066.09,13.37451,3,115,68.8622754491018
2025-11-20 07:10:04.600044,BTCUSDT,91631.69,91661.59,91603.84,91613.02,10.33781,3,116,69.46107784431138
2025-11-20 08:10:26.156930,BTCUSDT,91737.44,91787.31,91737.44,91787.31,3.83371,3,117,70.05988023952095
2025-11-20 09:10:47.713816,BTCUSDT,91980.04,91982.45,91965.79,91977.43,2.13105,3,118,70.65868263473054
2025-11-20 10:11:09.270702,BTCUSDT,91763.38,91802.48,91734.9,91795.83,5.91751,3,119,71.25748502994011
2025-11-20 11:11:30.827588,BTCUSDT,90809.53,90822.36,90752.25,90810.37,13.68648,3,120,71.8562874251497
2025-11-20 12:11:52.384474,BTCUSDT,90628.22,90673.12,90523.6,90529.96,22.75812,3,121,72.45508982035929
2025-11-20 13:12:13.941360,BTCUSDT,88621.44,88859.0,88598.27,88847.06,52.33014,3,122,73.05389221556887
2025-11-20 14:12:35.498246,BTCUSDT,87109.74,87109.75,86738.75,86786.19,267.34611,3,123,73.65269461077844
2025-11-20 15:12:57.055132,BTCUSDT,87575.01,87700.0,87564.95,87604.77,78.48147,3,124,74.25149700598801
2025-11-20 16:13:18.612018,BTCUSDT,86363.65,86450.97,86339.57,86420.78,17.80923,3,125,74.8502994011976
2025-11-20 17:13:40.168904,BTCUSDT,86414.01,86454.63,86325.23,86335.17,66.28494,3,126,75.44910179640718
2025-11-20 18:14:01.725790,BTCUSDT,86920.48,86977.0,86880.0,86962.33,12.78357,3,127,76.04790419161677
2025-11-20 19:14:23.282676,BTCUSDT,87894.11,87960.0,87885.91,87953.49,21.60806,3,128,76.64670658682635
2025-11-20 20:14:44.839562,BTCUSDT,87563.32,87671.43,87535.4,87648.02,13.88979,3,129,77.24550898203593
2025-11-20 21:15:06.396448,BTCUSDT,87264.35,87306.32,87230.0,87258.64,32.12906,3,130,77.84431137724552
2025-11-20 22:15:27.953334,BTCUSDT,87230.0,87268.01,87145.24,87155.86,9.26717,3,131,78.44311377245509
2025-11-20 23:15:49.510220,BTCUSDT,86524.03,86603.18,86492.19,86538.42,16.75447,3,132,79.04191616766467
2025-11-21 00:16:11.067106,BTCUSDT,85715.59,85721.92,85550.0,85566.16,46.29945,3,133,79.64071856287424
2025-11-21 01:16:32.623992,BTCUSDT,85744.1,85812.53,85695.0,85725.19,15.29704,3,134,80.23952095808383
2025-11-21 02:16:54.180878,BTCUSDT,86178.0,86333.99,86178.0,86302.03,14.81074,3,135,80.83832335329342
2025-11-21 03:17:15.737764,BTCUSDT,85850.85,85870.13,85777.0,85777.01,62.79841,3,136,81.437125748503
2025-11-21 04:17:37.294650,BTCUSDT,85426.0,85486.01,85408.71,85471.29,13.40482,3,137,82.03592814371258
2025-11-21 05:17:58.851536,BTCUSDT,84594.8,84601.34,84441.83,84449.51,112.54847,3,138,82.63473053892216
2025-11-21 06:18:20.408422,BTCUSDT,83623.5,83678.93,83609.74,83635.9,33.57172,3,139,83.23353293413174
2025-11-21 07:18:41.965308,BTCUSDT,81871.37,82060.0,81860.45,82060.0,101.85846,3,140,83.8323353293413
2025-11-21 08:19:03.522194,BTCUSDT,82888.65,83054.59,82888.65,83031.89,28.02354,3,141,84.4311377245509
2025-11-21 09:19:25.079080,BTCUSDT,81980.27,82000.0,81851.04,81859.89,48.70014,3,142,85.02994011976048
2025-11-21 10:19:46.635966,BTCUSDT,84155.35,84182.1,83957.44,84027.34,66.33791,3,143,85.62874251497006
2025-11-21 11:20:08.192852,BTCUSDT,83709.96,83826.53,83680.96,83789.54,72.29406,3,144,86.22754491017965
2025-11-21 12:20:29.749738,BTCUSDT,83862.15,83913.74,83749.96,83812.82,58.40952,3,145,86.82634730538922
2025-11-21 13:20:51.306624,BTCUSDT,82941.32,83208.99,82846.67,83181.81,45.64276,3,146,87.42514970059881
2025-11-21 14:21:12.863510,BTCUSDT,85068.75,85280.0,85068.75,85192.93,34.5643,3,147,88.02395209580838
2025-11-21 15:21:34.420396,BTCUSDT,83588.7,83597.81,83415.61,83499.32,12.49252,3,148,88.62275449101796
2025-11-21 16:21:55.977282,BTCUSDT,84959.92,85023.72,84850.0,84865.88,54.96826,3,149,89.22155688622755
2025-11-21 17:22:17.534168,BTCUSDT,83856.97,83877.53,83716.38,83720.38,14.88739,3,150,89.82035928143712
2025-11-21 18:22:39.091054,BTCUSDT,84819.1,84884.5,84807.13,84884.39,11.24917,3,151,90.41916167664671
2025-11-21 19:23:00.647940,BTCUSDT,84794.1,84905.99,84781.35,84784.73,24.18576,3,152,91.01796407185628
2025-11-21 20:23:22.204826,BTCUSDT,84879.99,84905.92,84804.1,84804.11,15.61098,3,153,91.61676646706587
2025-11-21 21:23:43.761712,BTCUSDT,85193.1,85225.56,85175.36,85192.04,18.47133,3,154,92.21556886227546
2025-11-21 22:24:05.318598,BTCUSDT,84870.17,84924.64,84870.17,84910.72,10.06682,3,155,92.81437125748504
2025-11-21 23:24:26.875484,BTCUSDT,84609.71,84691.65,84599.99,84679.97,9.13314,3,156,93.41317365269461
2025-11-22 00:24:48.432370,BTCUSDT,84356.56,84359.99,84288.52,84290.8,12.10612,3,157,94.01197604790418
2025-11-22 01:25:09.989256,BTCUSDT,84228.18,84239.13,84098.01,84111.37,8.54067,3,158,94.61077844311377
2025-11-22 02:25:31.546142,BTCUSDT,83972.76,84014.75,83964.86,84014.75,7.79896,3,159,95.20958083832335
2025-11-22 03:25:53.103028,BTCUSDT,84477.5,84533.16,84477.5,84533.16,6.0026,3,160,95.80838323353294
2025-11-22 04:26:14.659914,BTCUSDT,84446.09,84490.44,84446.09,84490.44,2.07356,3,161,96.40718562874252
2025-11-22 05:26:36.216800,BTCUSDT,84274.49,84277.76,84210.2,84219.16,6.29343,3,162,97.0059880239521
2025-11-22 06:26:57.773686,BTCUSDT,84079.43,84095.46,84079.42,84095.46,5.22432,3,163,97.60479041916167
2025-11-22 07:27:19.330572,BTCUSDT,83750.0,83777.3,83691.15,83696.68,5.54864,3,164,98.20359281437125
2025-11-22 08:27:40.887458,BTCUSDT,84262.0,84294.77,84238.14,84238.15,10.32908,3,165,98.80239520958084
2025-11-22 09:28:02.444344,BTCUSDT,83637.86,83668.0,83628.08,83666.32,6.8645,3,166,99.40119760479041
2025-11-22 10:28:24.001230,BTCUSDT,83895.03,83895.03,83862.0,83889.15,6.24246,3,167,100.0
